<?xml version="1.0" encoding="UTF-8"?>
<project-private xmlns="http://www.netbeans.org/ns/project-private/1">
    <editor-bookmarks xmlns="http://www.netbeans.org/ns/editor-bookmarks/2" lastBookmarkId="0"/>
    <open-files xmlns="http://www.netbeans.org/ns/projectui-open-files/2">
        <group>
            <file>file:/C:/Users/Abraham/Documents/NetBeansProjects/Q6/src/q6/Fish.java</file>
            <file>file:/C:/Users/Abraham/Documents/NetBeansProjects/Q6/src/q6/LionInterface.java</file>
            <file>file:/C:/Users/Abraham/Documents/NetBeansProjects/Q6/src/q6/AnimalInterface.java</file>
            <file>file:/C:/Users/Abraham/Documents/NetBeansProjects/Q6/src/q6/Lion.java</file>
            <file>file:/C:/Users/Abraham/Documents/NetBeansProjects/Q6/src/q6/Q6.java</file>
            <file>file:/C:/Users/Abraham/Documents/NetBeansProjects/Q6/src/q6/Animal.java</file>
            <file>file:/C:/Users/Abraham/Documents/NetBeansProjects/Q6/src/q6/FishInterface.java</file>
        </group>
    </open-files>
</project-private>
